model,split,household_days,mae_kw,rmse_kw,capacity_normalized_mae,capacity_normalized_rmse,bias_kw
pv_persistence,validation,44373,0.10454408079385757,0.28137823939323425,0.06221339851617813,0.14154601097106934,0.0007238194812089205
pv_persistence,test,88609,0.10376492142677307,0.28219372034072876,0.0620255209505558,0.14283065497875214,0.0003507732762955129
pv_persistence,heldout_test,20032,0.09930064529180527,0.2616982161998749,0.06049931049346924,0.14033082127571106,0.00032646310864947736
pv_weekly,validation,44373,0.12697763741016388,0.3243992328643799,0.07548363506793976,0.16305987536907196,0.006687130779027939
pv_weekly,test,88609,0.11972042173147202,0.3110445737838745,0.07139681279659271,0.156735360622406,0.0013812207616865635
pv_weekly,heldout_test,20032,0.11529231816530228,0.2910868525505066,0.06996215134859085,0.15467137098312378,0.001122135785408318
pv_hgb,validation,44373,0.0976743996143341,0.22682654857635498,0.058073557913303375,0.11398237943649292,-0.0016650838078930974
pv_hgb,test,88609,0.09747736901044846,0.22544443607330322,0.058102983981370926,0.11369049549102783,-0.0106465183198452
pv_hgb,heldout_test,20032,0.09376673400402069,0.21001948416233063,0.056942328810691833,0.11196472495794296,-0.009082376025617123
pv_mlp_seed11,validation,44373,0.10223498940467834,0.22870813310146332,0.06103168800473213,0.1148524209856987,-0.0008674007258377969
pv_mlp_seed11,test,88609,0.0994061604142189,0.22456960380077362,0.05949540436267853,0.1135212630033493,-0.006367822643369436
pv_mlp_seed11,heldout_test,20032,0.09640447795391083,0.2105530947446823,0.05894174426794052,0.1125459298491478,-0.0021672570146620274
pv_mlp_seed23,validation,44373,0.10178624093532562,0.22962163388729095,0.06067800521850586,0.11504806578159332,-0.001308338949456811
pv_mlp_seed23,test,88609,0.0989019051194191,0.22520020604133606,0.05918329209089279,0.11375882476568222,-0.006598311010748148
pv_mlp_seed23,heldout_test,20032,0.09604251384735107,0.2119351625442505,0.058730706572532654,0.1129513680934906,-0.003566233441233635
pv_mlp_seed47,validation,44373,0.10339387506246567,0.2309444099664688,0.061794597655534744,0.11593865603208542,0.005759957246482372
pv_mlp_seed47,test,88609,0.10080178081989288,0.2277921885251999,0.06025093048810959,0.11475808918476105,0.0025328395422548056
pv_mlp_seed47,heldout_test,20032,0.09927856177091599,0.215737447142601,0.060448065400123596,0.11448615044355392,0.00667555071413517
gc_shared,validation,44373,0.2976604104042053,0.5473156571388245,0.20538462698459625,0.3954525887966156,0.0003510013048071414
gc_shared,test,88609,0.30749550461769104,0.5744395852088928,0.21235515177249908,0.4144459366798401,-0.0003739028761629015
gc_shared,heldout_test,20032,0.3121662139892578,0.5838956236839294,0.22449681162834167,0.4388512074947357,0.00032804059446789324
